rule,short_name,filter,trades,pnl,wr,avg_pnl,base_avg_pnl,avg_improvement,pct_trades_kept
GapLarge_First30min_SPY,GapLarge,Above SMA200,18,613798.15,72.22222222222221,34099.89722222222,14563.773863636363,19536.123358585857,40.909090909090914
GapLarge_First30min_SPY,GapLarge,RVol20 15-25,20,659170.8499999999,65.0,32958.542499999996,14563.773863636363,18394.76863636363,45.45454545454545
GapLarge_First30min_SPY,GapLarge,Above SMA50,14,408150.94,64.28571428571429,29153.63857142857,14563.773863636363,14589.864707792209,31.818181818181817
GapLarge_First30min_SPY,GapLarge,Low Volume Day,11,309352.46,54.54545454545454,28122.950909090912,14563.773863636363,13559.17704545455,25.0
GapLarge_First30min_SPY,GapLarge,SMA20 > SMA50,17,408956.74,58.82352941176471,24056.27882352941,14563.773863636363,9492.504959893047,38.63636363636363
GapLarge_First30min_SPY,GapLarge,Above SMA20,13,303795.9,61.53846153846154,23368.915384615386,14563.773863636363,8805.141520979023,29.545454545454547
GapLarge_First30min_SPY,GapLarge,RVol20 < 20,24,469087.15,58.333333333333336,19545.297916666666,14563.773863636363,4981.524053030304,54.54545454545454
GapLarge_First30min_SPY,GapLarge,PriorDay < -0.5%,19,345170.8599999999,42.10526315789473,18166.88736842105,14563.773863636363,3603.1135047846856,43.18181818181818
GapLarge_First30min_SPY,GapLarge,20d Mom > +3%,5,83595.28999999998,40.0,16719.057999999997,14563.773863636363,2155.2841363636344,11.363636363636363
GapLarge_First30min_SPY,GapLarge,|PriorDay| < 0.5%,19,309439.17,63.1578947368421,16286.272105263157,14563.773863636363,1722.498241626794,43.18181818181818
GapLarge_First30min_SPY,GapLarge,5d Mom < -1%,27,434782.55999999994,51.85185185185185,16103.057777777776,14563.773863636363,1539.2839141414133,61.36363636363637
GapLarge_First30min_SPY,GapLarge,Below SMA20,31,337010.1500000001,51.61290322580645,10871.295161290325,14563.773863636363,-3692.4787023460376,70.45454545454545
GapLarge_First30min_SPY,GapLarge,10d Mom < -2%,23,242726.88999999996,47.82608695652174,10553.343043478259,14563.773863636363,-4010.4308201581043,52.27272727272727
GapLarge_First30min_SPY,GapLarge,RVol5 < 15,16,166715.83999999997,56.25,10419.739999999998,14563.773863636363,-4144.033863636365,36.36363636363637
GapLarge_First30min_SPY,GapLarge,High Volume Day,13,117782.29999999999,38.46153846153847,9060.176923076922,14563.773863636363,-5503.596940559441,29.545454545454547
GapLarge_First30min_SPY,GapLarge,SMA20 < SMA50,27,231849.3099999999,51.85185185185185,8587.011481481479,14563.773863636363,-5976.762382154884,61.36363636363637
GapLarge_First30min_SPY,GapLarge,RVol20 > 20,20,171718.89999999997,50.0,8585.944999999998,14563.773863636363,-5977.828863636365,45.45454545454545
GapLarge_First30min_SPY,GapLarge,20d Mom < -3%,20,170190.55,45.0,8509.5275,14563.773863636363,-6054.246363636363,45.45454545454545
GapLarge_First30min_SPY,GapLarge,Below SMA50,30,232655.11,50.0,7755.170333333333,14563.773863636363,-6808.60353030303,68.18181818181817
GapLarge_First30min_SPY,GapLarge,Range20 > 8%,30,206551.22999999992,46.666666666666664,6885.040999999997,14563.773863636363,-7678.732863636365,68.18181818181817
GapLarge_First30min_SPY,GapLarge,|PriorDay| > 1%,13,72290.92,38.46153846153847,5560.84,14563.773863636363,-9002.933863636363,29.545454545454547
GapLarge_First30min_SPY,GapLarge,> 10% from High,20,107530.80999999997,40.0,5376.540499999998,14563.773863636363,-9187.233363636366,45.45454545454545
GapLarge_First30min_SPY,GapLarge,> 5% from High,30,147051.66999999993,43.333333333333336,4901.72233333333,14563.773863636363,-9662.051530303033,68.18181818181817
GapLarge_First30min_SPY,GapLarge,RVol20 < 15,10,48529.119999999995,50.0,4852.911999999999,14563.773863636363,-9710.861863636364,22.727272727272727
GapLarge_First30min_SPY,GapLarge,PriorDay < -1%,10,47467.53999999997,30.0,4746.753999999997,14563.773863636363,-9817.019863636366,22.727272727272727
GapLarge_First30min_SPY,GapLarge,10d Mom > +2%,8,34064.60999999996,50.0,4258.076249999995,14563.773863636363,-10305.697613636368,18.181818181818183
GapLarge_First30min_SPY,GapLarge,Below SMA200,26,27007.899999999965,42.30769230769231,1038.7653846153833,14563.773863636363,-13525.00847902098,59.09090909090909
GapLarge_First30min_SPY,GapLarge,RVol5 > 25,11,-9330.83000000003,36.36363636363637,-848.2572727272756,14563.773863636363,-15412.03113636364,25.0
GapLarge_First30min_SPY,GapLarge,PriorDay > +0.5%,6,-13803.979999999996,66.66666666666666,-2300.6633333333325,14563.773863636363,-16864.437196969695,13.636363636363635
GapLarge_First30min_SPY,GapLarge,5d Mom > +1%,9,-38688.72000000003,55.55555555555556,-4298.74666666667,14563.773863636363,-18862.52053030303,20.454545454545457
GapLarge_First30min_SPY,GapLarge,RVol20 > 25,14,-66893.92,42.857142857142854,-4778.137142857143,14563.773863636363,-19341.911006493505,31.818181818181817
GapLarge_First30min_SPY,GapLarge,3+ Down Days,7,-167021.99000000002,14.285714285714285,-23860.28428571429,14563.773863636363,-38424.058149350654,15.909090909090908
HighVolWR_30min_SPY_filtered,HighVolWR,> 10% from High,7,180715.96999999997,42.857142857142854,25816.56714285714,11081.126176470587,14735.440966386554,20.588235294117645
HighVolWR_30min_SPY_filtered,HighVolWR,3+ Down Days,12,306727.69999999995,41.66666666666667,25560.641666666663,11081.126176470587,14479.515490196076,35.294117647058826
HighVolWR_30min_SPY_filtered,HighVolWR,RVol5 > 25,8,181665.55999999997,37.5,22708.194999999996,11081.126176470587,11627.06882352941,23.52941176470588
HighVolWR_30min_SPY_filtered,HighVolWR,Range20 > 8%,9,188424.64999999994,44.44444444444444,20936.072222222214,11081.126176470587,9854.946045751627,26.47058823529412
HighVolWR_30min_SPY_filtered,HighVolWR,Below SMA200,9,175820.05999999994,44.44444444444444,19535.562222222215,11081.126176470587,8454.436045751629,26.47058823529412
HighVolWR_30min_SPY_filtered,HighVolWR,Range20 < 5%,11,187982.34,27.27272727272727,17089.303636363635,11081.126176470587,6008.177459893048,32.35294117647059
HighVolWR_30min_SPY_filtered,HighVolWR,Below SMA50,23,388912.92999999993,39.130434782608695,16909.257826086952,11081.126176470587,5828.131649616365,67.64705882352942
HighVolWR_30min_SPY_filtered,HighVolWR,20d Mom < -3%,12,196507.58999999997,50.0,16375.632499999998,11081.126176470587,5294.506323529411,35.294117647058826
HighVolWR_30min_SPY_filtered,HighVolWR,> 5% from High,12,196507.58999999997,50.0,16375.632499999998,11081.126176470587,5294.506323529411,35.294117647058826
HighVolWR_30min_SPY_filtered,HighVolWR,5d Mom < -1%,30,406988.87,36.666666666666664,13566.295666666667,11081.126176470587,2485.16949019608,88.23529411764706
HighVolWR_30min_SPY_filtered,HighVolWR,10d Mom < -2%,24,313077.62,41.66666666666667,13044.900833333333,11081.126176470587,1963.7746568627463,70.58823529411765
HighVolWR_30min_SPY_filtered,HighVolWR,Below SMA20,33,386473.52999999997,33.33333333333333,11711.31909090909,11081.126176470587,630.1929144385031,97.05882352941177
HighVolWR_30min_SPY_filtered,HighVolWR,PriorDay < -1%,26,300271.99,34.61538461538461,11548.922692307691,11081.126176470587,467.7965158371044,76.47058823529412
HighVolWR_30min_SPY_filtered,HighVolWR,PriorDay < -0.5%,26,300271.99,34.61538461538461,11548.922692307691,11081.126176470587,467.7965158371044,76.47058823529412
HighVolWR_30min_SPY_filtered,HighVolWR,High Volume Day,34,376758.29,32.35294117647059,11081.126176470587,11081.126176470587,0.0,100.0
HighVolWR_30min_SPY_filtered,HighVolWR,RVol5 < 15,11,108919.78,27.27272727272727,9901.798181818182,11081.126176470587,-1179.3279946524053,32.35294117647059
HighVolWR_30min_SPY_filtered,HighVolWR,|PriorDay| > 1%,29,281021.99,31.03448275862069,9690.413448275862,11081.126176470587,-1390.712728194725,85.29411764705883
HighVolWR_30min_SPY_filtered,HighVolWR,RVol20 < 15,21,197869.31,33.33333333333333,9422.348095238096,11081.126176470587,-1658.7780812324909,61.76470588235294
HighVolWR_30min_SPY_filtered,HighVolWR,Above SMA200,25,200938.23,28.000000000000004,8037.529200000001,11081.126176470587,-3043.596976470586,73.52941176470588
HighVolWR_30min_SPY_filtered,HighVolWR,RVol20 < 20,30,204777.45,30.0,6825.915,11081.126176470587,-4255.211176470587,88.23529411764706
HighVolWR_30min_SPY_filtered,HighVolWR,SMA20 > SMA50,30,204777.45,30.0,6825.915,11081.126176470587,-4255.211176470587,88.23529411764706
HighVolWR_30min_SPY_filtered,HighVolWR,RVol20 15-25,9,6908.139999999999,22.22222222222222,767.571111111111,11081.126176470587,-10313.555065359476,26.47058823529412
HighVolWR_30min_SPY_filtered,HighVolWR,Above SMA50,11,-12154.639999999996,18.181818181818183,-1104.9672727272723,11081.126176470587,-12186.093449197859,32.35294117647059
PriorDayStrong_AboveOR_QQQ_short,QQQ Short,10d Mom < -2%,47,648444.4199999999,61.702127659574465,13796.689787234041,5343.885255319147,8452.804531914895,10.0
PriorDayStrong_AboveOR_QQQ_short,QQQ Short,5d Mom < -1%,59,748057.0799999998,62.71186440677966,12678.933559322031,5343.885255319147,7335.048304002884,12.553191489361701
PriorDayStrong_AboveOR_QQQ_short,QQQ Short,High Volume Day,44,494926.5999999999,61.36363636363637,11248.331818181816,5343.885255319147,5904.4465628626685,9.361702127659575
PriorDayStrong_AboveOR_QQQ_short,QQQ Short,20d Mom < -3%,65,655426.6199999999,64.61538461538461,10083.48646153846,5343.885255319147,4739.601206219312,13.829787234042554
PriorDayStrong_AboveOR_QQQ_short,QQQ Short,Below SMA20,108,1063388.32,61.111111111111114,9846.188148148149,5343.885255319147,4502.302892829001,22.97872340425532
PriorDayStrong_AboveOR_QQQ_short,QQQ Short,RVol5 > 25,46,384167.89999999985,58.69565217391305,8351.476086956518,5343.885255319147,3007.5908316373707,9.787234042553191
PriorDayStrong_AboveOR_QQQ_short,QQQ Short,Below SMA50,105,773887.4399999998,56.19047619047619,7370.35657142857,5343.885255319147,2026.4713161094223,22.340425531914892
PriorDayStrong_AboveOR_QQQ_short,QQQ Short,|PriorDay| < 0.5%,166,1151468.2599999998,54.21686746987952,6936.555783132529,5343.885255319147,1592.6705278133813,35.319148936170215
PriorDayStrong_AboveOR_QQQ_short,QQQ Short,|PriorDay| > 1%,150,971968.44,57.333333333333336,6479.7896,5343.885255319147,1135.9043446808528,31.914893617021278
PriorDayStrong_AboveOR_QQQ_short,QQQ Short,PriorDay > +1%,147,946797.5399999997,57.14285714285714,6440.799591836732,5343.885255319147,1096.914336517585,31.27659574468085
PriorDayStrong_AboveOR_QQQ_short,QQQ Short,RVol20 < 15,283,1753091.7099999995,52.65017667844523,6194.670353356889,5343.885255319147,850.7850980377416,60.21276595744681
PriorDayStrong_AboveOR_QQQ_short,QQQ Short,Below SMA200,90,538501.4299999998,54.44444444444444,5983.34922222222,5343.885255319147,639.463966903073,19.148936170212767
PriorDayStrong_AboveOR_QQQ_short,QQQ Short,SMA20 > SMA50,328,1951286.099999999,53.65853658536586,5949.042987804874,5343.885255319147,605.1577324857271,69.7872340425532
PriorDayStrong_AboveOR_QQQ_short,QQQ Short,RVol5 < 15,283,1601798.0599999996,53.71024734982333,5660.0638162544155,5343.885255319147,316.17856093526825,60.21276595744681
PriorDayStrong_AboveOR_QQQ_short,QQQ Short,RVol20 < 20,385,2147136.579999999,53.246753246753244,5576.978129870127,5343.885255319147,233.09287455098,81.91489361702128
PriorDayStrong_AboveOR_QQQ_short,QQQ Short,Above SMA200,380,1973124.6399999994,53.1578947368421,5192.433263157894,5343.885255319147,-151.45199216125366,80.85106382978722
PriorDayStrong_AboveOR_QQQ_short,QQQ Short,Within 2% of High,260,1319926.1799999992,52.307692307692314,5076.639153846151,5343.885255319147,-267.2461014729961,55.319148936170215
PriorDayStrong_AboveOR_QQQ_short,QQQ Short,PriorDay > +0.5%,292,1445603.1499999994,53.082191780821915,4950.69571917808,5343.885255319147,-393.18953614106704,62.12765957446808
PriorDayStrong_AboveOR_QQQ_short,QQQ Short,Above SMA50,365,1737738.629999999,52.602739726027394,4760.927753424655,5343.885255319147,-582.9575018944925,77.6595744680851
PriorDayStrong_AboveOR_QQQ_short,QQQ Short,Range20 > 8%,114,534516.2099999997,53.50877192982456,4688.738684210524,5343.885255319147,-655.146571108623,24.25531914893617
PriorDayStrong_AboveOR_QQQ_short,QQQ Short,RVol20 > 25,43,193743.2799999999,53.48837209302325,4505.657674418602,5343.885255319147,-838.227580900545,9.148936170212766
PriorDayStrong_AboveOR_QQQ_short,QQQ Short,> 5% from High,140,625939.6799999998,54.285714285714285,4470.997714285713,5343.885255319147,-872.887541033434,29.78723404255319
PriorDayStrong_AboveOR_QQQ_short,QQQ Short,RVol20 > 20,85,364489.49,54.11764705882353,4288.111647058823,5343.885255319147,-1055.7736082603242,18.085106382978726
PriorDayStrong_AboveOR_QQQ_short,QQQ Short,Range20 < 5%,167,704115.9399999997,52.69461077844312,4216.263113772453,5343.885255319147,-1127.6221415466944,35.53191489361702
PriorDayStrong_AboveOR_QQQ_short,QQQ Short,Above SMA20,362,1448237.7499999993,51.10497237569061,4000.6567679557993,5343.885255319147,-1343.228487363348,77.02127659574468
PriorDayStrong_AboveOR_QQQ_short,QQQ Short,SMA20 < SMA50,142,560339.9699999999,52.816901408450704,3946.056126760562,5343.885255319147,-1397.8291285585851,30.21276595744681
PriorDayStrong_AboveOR_QQQ_short,QQQ Short,RVol20 15-25,144,564791.0799999998,54.861111111111114,3922.1602777777766,5343.885255319147,-1421.7249775413707,30.638297872340424
PriorDayStrong_AboveOR_QQQ_short,QQQ Short,20d Mom > +3%,184,670186.8999999997,51.63043478260869,3642.3201086956506,5343.885255319147,-1701.5651466234967,39.148936170212764
PriorDayStrong_AboveOR_QQQ_short,QQQ Short,Low Volume Day,130,450511.85999999964,46.92307692307692,3465.4758461538436,5343.885255319147,-1878.4094091653037,27.659574468085108
PriorDayStrong_AboveOR_QQQ_short,QQQ Short,> 10% from High,96,248392.88999999978,48.95833333333333,2587.425937499998,5343.885255319147,-2756.4593178191494,20.425531914893615
PriorDayStrong_AboveOR_QQQ_short,QQQ Short,5d Mom > +1%,236,497777.1599999993,47.88135593220339,2109.225254237285,5343.885255319147,-3234.6600010818624,50.212765957446805
PriorDayStrong_AboveOR_QQQ_short,QQQ Short,10d Mom > +2%,177,370799.30999999965,49.152542372881356,2094.9113559322013,5343.885255319147,-3248.973899386946,37.659574468085104
PriorDayStrong_AboveOR_QQQ_short,QQQ Short,3+ Up Days,124,248111.69999999975,47.58064516129033,2000.9008064516108,5343.885255319147,-3342.9844488675362,26.382978723404253
PriorDayStrong_AboveOR_QQQ_short,QQQ Short,3+ Down Days,9,-30447.859999999975,55.55555555555556,-3383.095555555553,5343.885255319147,-8726.9808108747,1.9148936170212765
PriorDayStrong_AboveOR_QQQ_short,QQQ Short,PriorDay < -0.5%,12,-85445.34,50.0,-7120.445,5343.885255319147,-12464.330255319146,2.553191489361702
PriorDayStrong_AboveOR_SPY_short,SPY Short,High Volume Day,44,453124.94,52.27272727272727,10298.29409090909,4733.79433189655,5564.49975901254,9.482758620689655
PriorDayStrong_AboveOR_SPY_short,SPY Short,Below SMA20,101,901482.1799999996,55.44554455445545,8925.566138613858,4733.79433189655,4191.771806717308,21.767241379310345
PriorDayStrong_AboveOR_SPY_short,SPY Short,10d Mom < -2%,46,382614.86000000004,52.17391304347826,8317.714347826088,4733.79433189655,3583.920015929538,9.913793103448276
PriorDayStrong_AboveOR_SPY_short,SPY Short,5d Mom < -1%,56,442537.73999999993,46.42857142857143,7902.459642857141,4733.79433189655,3168.6653109605913,12.068965517241379
PriorDayStrong_AboveOR_SPY_short,SPY Short,RVol5 > 25,43,310097.61,51.162790697674424,7211.572325581395,4733.79433189655,2477.7779936848447,9.267241379310345
PriorDayStrong_AboveOR_SPY_short,SPY Short,|PriorDay| < 0.5%,163,1139623.2599999998,52.14723926380368,6991.553742331287,4733.79433189655,2257.759410434737,35.12931034482759
PriorDayStrong_AboveOR_SPY_short,SPY Short,SMA20 > SMA50,318,1852319.8399999994,52.83018867924528,5824.905157232703,4733.79433189655,1091.1108253361526,68.53448275862068
PriorDayStrong_AboveOR_SPY_short,SPY Short,20d Mom < -3%,63,346613.9299999999,52.38095238095239,5501.80841269841,4733.79433189655,768.0140808018605,13.577586206896552
PriorDayStrong_AboveOR_SPY_short,SPY Short,RVol5 < 15,291,1598212.0699999996,51.890034364261176,5492.1376975945,4733.79433189655,758.3433656979505,62.71551724137932
PriorDayStrong_AboveOR_SPY_short,SPY Short,Below SMA50,108,583331.1699999998,55.55555555555556,5401.214537037035,4733.79433189655,667.4202051404855,23.275862068965516
PriorDayStrong_AboveOR_SPY_short,SPY Short,Within 2% of High,263,1362379.1099999996,51.71102661596958,5180.1487072243335,4733.79433189655,446.3543753277836,56.68103448275862
PriorDayStrong_AboveOR_SPY_short,SPY Short,RVol20 < 15,285,1456070.0799999996,50.175438596491226,5109.017824561402,4733.79433189655,375.22349266485253,61.422413793103445
PriorDayStrong_AboveOR_SPY_short,SPY Short,Below SMA200,86,436675.02,52.32558139534884,5077.616511627907,4733.79433189655,343.8221797313572,18.53448275862069
PriorDayStrong_AboveOR_SPY_short,SPY Short,Range20 > 8%,109,551871.4499999998,53.21100917431193,5063.040825688072,4733.79433189655,329.24649379152197,23.49137931034483
PriorDayStrong_AboveOR_SPY_short,SPY Short,RVol20 < 20,382,1855123.1299999997,51.30890052356021,4856.343272251308,4733.79433189655,122.54894035475809,82.32758620689656
PriorDayStrong_AboveOR_SPY_short,SPY Short,Above SMA200,378,1759805.5499999993,50.79365079365079,4655.570238095236,4733.79433189655,-78.22409380131376,81.46551724137932
PriorDayStrong_AboveOR_SPY_short,SPY Short,Range20 < 5%,164,755118.7499999998,48.78048780487805,4604.382621951218,4733.79433189655,-129.4117099453315,35.3448275862069
PriorDayStrong_AboveOR_SPY_short,SPY Short,> 5% from High,134,615099.5799999998,51.49253731343284,4590.295373134327,4733.79433189655,-143.49895876222308,28.879310344827587
PriorDayStrong_AboveOR_SPY_short,SPY Short,Above SMA50,356,1613149.3999999994,49.71910112359551,4531.318539325841,4733.79433189655,-202.47579257070902,76.72413793103449
PriorDayStrong_AboveOR_SPY_short,SPY Short,Low Volume Day,124,536995.1099999999,51.61290322580645,4330.60572580645,4733.79433189655,-403.1886060900997,26.72413793103448
PriorDayStrong_AboveOR_SPY_short,SPY Short,RVol20 15-25,139,592569.7499999997,53.23741007194245,4263.0917266187025,4733.79433189655,-470.7026052778474,29.95689655172414
PriorDayStrong_AboveOR_SPY_short,SPY Short,RVol20 > 20,82,341357.4399999999,50.0,4162.895609756096,4733.79433189655,-570.8987221404541,17.67241379310345
PriorDayStrong_AboveOR_SPY_short,SPY Short,PriorDay > +0.5%,286,1100246.0099999995,51.048951048951054,3847.0140209790193,4733.79433189655,-886.7803109175306,61.63793103448276
PriorDayStrong_AboveOR_SPY_short,SPY Short,RVol20 > 25,40,147840.7399999999,50.0,3696.0184999999974,4733.79433189655,-1037.7758318965525,8.620689655172415
PriorDayStrong_AboveOR_SPY_short,SPY Short,5d Mom > +1%,232,830384.1699999997,51.293103448275865,3579.242112068964,4733.79433189655,-1154.5522198275858,50.0
PriorDayStrong_AboveOR_SPY_short,SPY Short,Above SMA20,363,1294998.3899999997,49.862258953168045,3567.4886776859494,4733.79433189655,-1166.3056542106006,78.23275862068965
PriorDayStrong_AboveOR_SPY_short,SPY Short,20d Mom > +3%,191,618259.3999999994,51.30890052356021,3236.960209424081,4733.79433189655,-1496.834122472469,41.16379310344828
PriorDayStrong_AboveOR_SPY_short,SPY Short,PriorDay > +1%,140,362819.2899999998,49.28571428571429,2591.566357142856,4733.79433189655,-2142.227974753694,30.17241379310345
PriorDayStrong_AboveOR_SPY_short,SPY Short,> 10% from High,86,219629.65999999983,48.837209302325576,2553.8332558139514,4733.79433189655,-2179.9610760825985,18.53448275862069
PriorDayStrong_AboveOR_SPY_short,SPY Short,SMA20 < SMA50,146,344160.7299999998,47.26027397260274,2357.2652739726013,4733.79433189655,-2376.5290579239486,31.46551724137931
PriorDayStrong_AboveOR_SPY_short,SPY Short,3+ Up Days,128,291292.1199999998,51.5625,2275.7196874999986,4733.79433189655,-2458.0746443965513,27.586206896551722
PriorDayStrong_AboveOR_SPY_short,SPY Short,|PriorDay| > 1%,144,301503.03999999975,48.61111111111111,2093.7711111111093,4733.79433189655,-2640.0232207854406,31.03448275862069
PriorDayStrong_AboveOR_SPY_short,SPY Short,10d Mom > +2%,172,38894.79999999984,47.674418604651166,226.13255813953398,4733.79433189655,-4507.661773757016,37.06896551724138
PriorDayStrong_AboveOR_SPY_short,SPY Short,PriorDay < -0.5%,15,-43388.70000000005,40.0,-2892.580000000003,4733.79433189655,-7626.3743318965535,3.2327586206896552
PriorDayStrong_AboveOR_SPY_short,SPY Short,3+ Down Days,7,-111823.68000000001,14.285714285714285,-15974.81142857143,4733.79433189655,-20708.60576046798,1.5086206896551724
PriorDayWeak_30min_QQQ,QQQ Weak,SMA20 < SMA50,89,945023.74,42.69662921348314,10618.24426966292,2390.041883116882,8228.202386546038,28.8961038961039
PriorDayWeak_30min_QQQ,QQQ Weak,20d Mom < -3%,67,656957.19,49.25373134328358,9805.33119402985,2390.041883116882,7415.289310912967,21.753246753246753
PriorDayWeak_30min_QQQ,QQQ Weak,3+ Down Days,63,600420.6499999999,41.269841269841265,9530.486507936506,2390.041883116882,7140.444624819624,20.454545454545457
PriorDayWeak_30min_QQQ,QQQ Weak,Range20 > 8%,92,859495.7000000001,43.47826086956522,9342.344565217392,2390.041883116882,6952.30268210051,29.87012987012987
PriorDayWeak_30min_QQQ,QQQ Weak,5d Mom < -1%,130,1132760.2,45.38461538461539,8713.539999999999,2390.041883116882,6323.498116883116,42.2077922077922
PriorDayWeak_30min_QQQ,QQQ Weak,Below SMA200,91,592999.15,41.75824175824176,6516.474175824176,2390.041883116882,4126.4322927072935,29.545454545454547
PriorDayWeak_30min_QQQ,QQQ Weak,RVol20 > 25,36,226113.45999999996,38.88888888888889,6280.929444444443,2390.041883116882,3890.887561327561,11.688311688311687
PriorDayWeak_30min_QQQ,QQQ Weak,RVol20 > 20,64,343414.61999999994,39.0625,5365.853437499999,2390.041883116882,2975.811554383117,20.77922077922078
PriorDayWeak_30min_QQQ,QQQ Weak,Below SMA20,161,811809.59,42.2360248447205,5042.295590062112,2390.041883116882,2652.2537069452296,52.27272727272727
PriorDayWeak_30min_QQQ,QQQ Weak,10d Mom > +2%,56,279748.8900000001,39.285714285714285,4995.5158928571445,2390.041883116882,2605.4740097402623,18.181818181818183
PriorDayWeak_30min_QQQ,QQQ Weak,Below SMA50,132,631757.6099999998,41.66666666666667,4786.042499999998,2390.041883116882,2396.0006168831155,42.857142857142854
PriorDayWeak_30min_QQQ,QQQ Weak,> 5% from High,129,614358.2899999999,40.310077519379846,4762.467364341084,2390.041883116882,2372.425481224202,41.883116883116884
PriorDayWeak_30min_QQQ,QQQ Weak,RVol20 < 15,166,758375.1599999999,40.963855421686745,4568.525060240963,2390.041883116882,2178.483177124081,53.896103896103895
PriorDayWeak_30min_QQQ,QQQ Weak,Range20 < 5%,95,416071.4899999999,36.84210526315789,4379.699894736841,2390.041883116882,1989.6580116199589,30.844155844155846
PriorDayWeak_30min_QQQ,QQQ Weak,High Volume Day,84,363485.38999999996,41.66666666666667,4327.207023809523,2390.041883116882,1937.1651406926408,27.27272727272727
PriorDayWeak_30min_QQQ,QQQ Weak,RVol5 > 25,39,152041.64,41.02564102564102,3898.50358974359,2390.041883116882,1508.4617066267078,12.662337662337661
PriorDayWeak_30min_QQQ,QQQ Weak,> 10% from High,84,313968.51999999996,39.285714285714285,3737.720476190476,2390.041883116882,1347.6785930735937,27.27272727272727
PriorDayWeak_30min_QQQ,QQQ Weak,10d Mom < -2%,89,301462.9699999998,40.44943820224719,3387.22438202247,2390.041883116882,997.1824989055876,28.8961038961039
PriorDayWeak_30min_QQQ,QQQ Weak,20d Mom > +3%,65,164850.01999999996,36.92307692307693,2536.1541538461533,2390.041883116882,146.11227072927113,21.1038961038961
PriorDayWeak_30min_QQQ,QQQ Weak,PriorDay < -0.5%,194,490394.29000000004,38.659793814432994,2527.805618556701,2390.041883116882,137.7637354398189,62.98701298701299
PriorDayWeak_30min_QQQ,QQQ Weak,|PriorDay| < 0.5%,107,231576.55,38.31775700934579,2164.2668224299064,2390.041883116882,-225.77506068697585,34.74025974025974
PriorDayWeak_30min_QQQ,QQQ Weak,PriorDay > +0.5%,7,14162.060000000025,57.14285714285714,2023.1514285714322,2390.041883116882,-366.89045454545,2.272727272727273
PriorDayWeak_30min_QQQ,QQQ Weak,RVol20 < 20,244,392718.28,38.9344262295082,1609.5011475409838,2390.041883116882,-780.5407355758985,79.22077922077922
PriorDayWeak_30min_QQQ,QQQ Weak,RVol5 < 15,175,253755.3399999998,37.714285714285715,1450.030514285713,2390.041883116882,-940.0113688311692,56.81818181818182
PriorDayWeak_30min_QQQ,QQQ Weak,Above SMA200,217,143133.74999999994,37.78801843317972,659.6025345622118,2390.041883116882,-1730.4393485546705,70.45454545454545
PriorDayWeak_30min_QQQ,QQQ Weak,Above SMA50,176,104375.29000000004,36.93181818181818,593.0414204545457,2390.041883116882,-1797.0004626623365,57.14285714285714
PriorDayWeak_30min_QQQ,QQQ Weak,Above SMA20,147,-75676.69000000003,35.374149659863946,-514.8074149659866,2390.041883116882,-2904.8492980828687,47.72727272727273
PriorDayWeak_30min_QQQ,QQQ Weak,SMA20 > SMA50,219,-208890.8400000002,37.44292237442922,-953.8394520547954,2390.041883116882,-3343.8813351716776,71.1038961038961
PriorDayWeak_30min_QQQ,QQQ Weak,|PriorDay| > 1%,127,-121389.71000000002,37.00787401574803,-955.8244881889765,2390.041883116882,-3345.8663713058586,41.23376623376623
PriorDayWeak_30min_QQQ,QQQ Weak,Within 2% of High,101,-175274.70000000013,36.633663366336634,-1735.393069306932,2390.041883116882,-4125.434952423814,32.7922077922078
PriorDayWeak_30min_QQQ,QQQ Weak,PriorDay < -1%,126,-221684.0300000001,36.507936507936506,-1759.3970634920643,2390.041883116882,-4149.438946608947,40.909090909090914
PriorDayWeak_30min_QQQ,QQQ Weak,RVol20 15-25,106,-248355.71999999994,35.84905660377358,-2342.978490566037,2390.041883116882,-4733.020373682919,34.41558441558442
PriorDayWeak_30min_QQQ,QQQ Weak,Low Volume Day,54,-167746.7400000001,35.18518518518518,-3106.421111111113,2390.041883116882,-5496.462994227995,17.532467532467532
PriorDayWeak_30min_QQQ,QQQ Weak,5d Mom > +1%,52,-543822.76,30.76923076923077,-10458.130000000001,2390.041883116882,-12848.171883116884,16.883116883116884
PriorDayWeak_30min_QQQ,QQQ Weak,3+ Up Days,12,-311477.42000000004,25.0,-25956.45166666667,2390.041883116882,-28346.493549783554,3.896103896103896
PriorDayWeak_30min_SPY_filtered,SPY Weak,Below SMA200,43,897374.5900000001,51.162790697674424,20869.17651162791,3729.879207317073,17139.297304310836,26.21951219512195
PriorDayWeak_30min_SPY_filtered,SPY Weak,5d Mom < -1%,60,1234658.3400000003,53.333333333333336,20577.639000000006,3729.879207317073,16847.759792682933,36.58536585365854
PriorDayWeak_30min_SPY_filtered,SPY Weak,> 5% from High,55,962904.4500000001,47.27272727272727,17507.353636363638,3729.879207317073,13777.474429046564,33.53658536585366
PriorDayWeak_30min_SPY_filtered,SPY Weak,Range20 > 8%,46,764665.71,45.65217391304348,16623.16760869565,3729.879207317073,12893.288401378577,28.04878048780488
PriorDayWeak_30min_SPY_filtered,SPY Weak,Below SMA20,76,1127716.69,46.05263157894737,14838.377499999999,3729.879207317073,11108.498292682925,46.34146341463415
PriorDayWeak_30min_SPY_filtered,SPY Weak,Below SMA50,60,876991.0700000001,45.0,14616.517833333335,3729.879207317073,10886.638626016262,36.58536585365854
PriorDayWeak_30min_SPY_filtered,SPY Weak,High Volume Day,34,494288.69000000006,52.94117647058824,14537.902647058825,3729.879207317073,10808.023439741752,20.73170731707317
PriorDayWeak_30min_SPY_filtered,SPY Weak,> 10% from High,45,630219.7300000001,44.44444444444444,14004.882888888891,3729.879207317073,10275.003681571818,27.439024390243905
PriorDayWeak_30min_SPY_filtered,SPY Weak,RVol20 > 20,31,402870.13999999996,45.16129032258064,12995.810967741934,3729.879207317073,9265.93176042486,18.902439024390244
PriorDayWeak_30min_SPY_filtered,SPY Weak,RVol20 15-25,47,566893.5,44.680851063829785,12061.563829787234,3729.879207317073,8331.68462247016,28.65853658536585
PriorDayWeak_30min_SPY_filtered,SPY Weak,SMA20 < SMA50,43,505300.42999999993,39.53488372093023,11751.172790697672,3729.879207317073,8021.293583380599,26.21951219512195
PriorDayWeak_30min_SPY_filtered,SPY Weak,3+ Down Days,33,371664.72999999986,45.45454545454545,11262.567575757572,3729.879207317073,7532.688368440498,20.121951219512198
PriorDayWeak_30min_SPY_filtered,SPY Weak,10d Mom > +2%,30,299099.3899999999,40.0,9969.979666666663,3729.879207317073,6240.100459349589,18.29268292682927
PriorDayWeak_30min_SPY_filtered,SPY Weak,20d Mom < -3%,29,270798.25999999995,41.37931034482759,9337.871034482758,3729.879207317073,5607.991827165684,17.682926829268293
PriorDayWeak_30min_SPY_filtered,SPY Weak,10d Mom < -2%,43,375759.19,41.86046511627907,8738.585813953488,3729.879207317073,5008.706606636415,26.21951219512195
PriorDayWeak_30min_SPY_filtered,SPY Weak,PriorDay < -0.5%,94,814910.6900000001,44.680851063829785,8669.26265957447,3729.879207317073,4939.383452257396,57.3170731707317
PriorDayWeak_30min_SPY_filtered,SPY Weak,20d Mom > +3%,38,304740.76999999996,39.473684210526315,8019.49394736842,3729.879207317073,4289.614740051347,23.170731707317074
PriorDayWeak_30min_SPY_filtered,SPY Weak,RVol20 > 25,19,70281.23,42.10526315789473,3699.0121052631575,3729.879207317073,-30.86710205391546,11.585365853658537
PriorDayWeak_30min_SPY_filtered,SPY Weak,Range20 < 5%,58,178554.7699999999,36.206896551724135,3078.5305172413778,3729.879207317073,-651.3486900756952,35.36585365853659
PriorDayWeak_30min_SPY_filtered,SPY Weak,Low Volume Day,41,118150.54999999999,39.02439024390244,2881.7207317073166,3729.879207317073,-848.1584756097564,25.0
PriorDayWeak_30min_SPY_filtered,SPY Weak,PriorDay < -1%,53,136670.9300000001,37.735849056603776,2578.696792452832,3729.879207317073,-1151.1824148642409,32.31707317073171
PriorDayWeak_30min_SPY_filtered,SPY Weak,|PriorDay| > 1%,53,136670.9300000001,37.735849056603776,2578.696792452832,3729.879207317073,-1151.1824148642409,32.31707317073171
PriorDayWeak_30min_SPY_filtered,SPY Weak,RVol20 < 20,133,208830.0499999998,39.097744360902254,1570.1507518796977,3729.879207317073,-2159.7284554373755,81.09756097560977
PriorDayWeak_30min_SPY_filtered,SPY Weak,SMA20 > SMA50,121,106399.75999999983,40.49586776859504,879.3368595041309,3729.879207317073,-2850.5423478129424,73.78048780487805
PriorDayWeak_30min_SPY_filtered,SPY Weak,RVol20 < 15,98,-25474.540000000183,37.755102040816325,-259.94428571428756,3729.879207317073,-3989.8234930313606,59.756097560975604
PriorDayWeak_30min_SPY_filtered,SPY Weak,RVol5 < 15,102,-194945.10000000015,38.23529411764706,-1911.2264705882367,3729.879207317073,-5641.10567790531,62.19512195121951
PriorDayWeak_30min_SPY_filtered,SPY Weak,Above SMA200,121,-285674.4,36.36363636363637,-2360.9454545454546,3729.879207317073,-6090.824661862527,73.78048780487805
PriorDayWeak_30min_SPY_filtered,SPY Weak,Above SMA50,104,-265290.8800000001,37.5,-2550.8738461538474,3729.879207317073,-6280.75305347092,63.41463414634146
PriorDayWeak_30min_SPY_filtered,SPY Weak,|PriorDay| < 0.5%,68,-191305.41999999998,33.82352941176471,-2813.3149999999996,3729.879207317073,-6543.194207317072,41.46341463414634
PriorDayWeak_30min_SPY_filtered,SPY Weak,Above SMA20,88,-516016.5000000001,35.22727272727273,-5863.823863636365,3729.879207317073,-9593.703070953437,53.65853658536586
PriorDayWeak_30min_SPY_filtered,SPY Weak,5d Mom > +1%,32,-250592.18000000005,34.375,-7831.005625000002,3729.879207317073,-11560.884832317075,19.51219512195122
PriorDayWeak_30min_SPY_filtered,SPY Weak,Within 2% of High,64,-619134.9600000002,34.375,-9673.983750000003,3729.879207317073,-13403.862957317077,39.02439024390244
PriorDayWeak_30min_SPY_filtered,SPY Weak,RVol5 > 25,17,-198079.10000000003,35.294117647058826,-11651.711764705884,3729.879207317073,-15381.590972022957,10.365853658536585
PriorDayWeak_50Hi_SPY_filtered,50Hi Weak,20d Mom < -3%,35,810790.88,48.57142857142857,23165.453714285715,6178.27548192771,16987.178232358005,21.084337349397593
PriorDayWeak_50Hi_SPY_filtered,50Hi Weak,RVol20 > 25,15,222294.12999999995,33.33333333333333,14819.608666666663,6178.27548192771,8641.333184738953,9.036144578313253
PriorDayWeak_50Hi_SPY_filtered,50Hi Weak,SMA20 < SMA50,51,699312.7,45.09803921568628,13712.013725490195,6178.27548192771,7533.738243562485,30.72289156626506
PriorDayWeak_50Hi_SPY_filtered,50Hi Weak,RVol5 > 25,16,219094.05999999997,31.25,13693.378749999998,6178.27548192771,7515.103268072288,9.63855421686747
PriorDayWeak_50Hi_SPY_filtered,50Hi Weak,Below SMA200,45,584288.08,44.44444444444444,12984.179555555555,6178.27548192771,6805.904073627845,27.10843373493976
PriorDayWeak_50Hi_SPY_filtered,50Hi Weak,Below SMA50,66,856784.3899999999,46.96969696969697,12981.581666666665,6178.27548192771,6803.306184738955,39.75903614457831
PriorDayWeak_50Hi_SPY_filtered,50Hi Weak,Range20 > 8%,49,624725.0499999999,46.93877551020408,12749.49081632653,6178.27548192771,6571.21533439882,29.518072289156628
PriorDayWeak_50Hi_SPY_filtered,50Hi Weak,10d Mom < -2%,47,591573.59,40.42553191489361,12586.672127659574,6178.27548192771,6408.396645731865,28.313253012048197
PriorDayWeak_50Hi_SPY_filtered,50Hi Weak,Below SMA20,79,981857.7899999999,44.303797468354425,12428.579620253164,6178.27548192771,6250.304138325454,47.59036144578313
PriorDayWeak_50Hi_SPY_filtered,50Hi Weak,> 5% from High,62,766984.4699999999,45.16129032258064,12370.717258064515,6178.27548192771,6192.441776136805,37.34939759036144
PriorDayWeak_50Hi_SPY_filtered,50Hi Weak,High Volume Day,38,462020.32999999996,44.73684210526316,12158.429736842105,6178.27548192771,5980.154254914395,22.89156626506024
PriorDayWeak_50Hi_SPY_filtered,50Hi Weak,> 10% from High,41,492281.66,39.02439024390244,12006.86975609756,6178.27548192771,5828.59427416985,24.69879518072289
PriorDayWeak_50Hi_SPY_filtered,50Hi Weak,5d Mom < -1%,67,669025.84,43.28358208955223,9985.460298507462,6178.27548192771,3807.184816579752,40.36144578313253
PriorDayWeak_50Hi_SPY_filtered,50Hi Weak,PriorDay < -1%,60,569965.0,41.66666666666667,9499.416666666666,6178.27548192771,3321.1411847389563,36.144578313253014
PriorDayWeak_50Hi_SPY_filtered,50Hi Weak,Low Volume Day,30,274139.5999999999,60.0,9137.986666666664,6178.27548192771,2959.711184738954,18.072289156626507
PriorDayWeak_50Hi_SPY_filtered,50Hi Weak,|PriorDay| > 1%,61,554484.1599999999,40.98360655737705,9089.90426229508,6178.27548192771,2911.6287803673704,36.74698795180723
PriorDayWeak_50Hi_SPY_filtered,50Hi Weak,20d Mom > +3%,39,338562.8499999999,51.28205128205128,8681.098717948717,6178.27548192771,2502.823236021007,23.49397590361446
PriorDayWeak_50Hi_SPY_filtered,50Hi Weak,RVol5 < 15,100,811903.1699999999,47.0,8119.0317,6178.27548192771,1940.7562180722898,60.24096385542169
PriorDayWeak_50Hi_SPY_filtered,50Hi Weak,3+ Down Days,38,285943.4799999999,42.10526315789473,7524.82842105263,6178.27548192771,1346.5529391249202,22.89156626506024
PriorDayWeak_50Hi_SPY_filtered,50Hi Weak,PriorDay < -0.5%,98,721021.4999999998,42.857142857142854,7357.362244897957,6178.27548192771,1179.086762970247,59.036144578313255
PriorDayWeak_50Hi_SPY_filtered,50Hi Weak,RVol20 < 20,133,908257.6899999997,47.368421052631575,6829.005187969922,6178.27548192771,650.7297060422125,80.12048192771084
PriorDayWeak_50Hi_SPY_filtered,50Hi Weak,10d Mom > +2%,35,210350.0799999999,42.857142857142854,6010.002285714283,6178.27548192771,-168.27319621342667,21.084337349397593
PriorDayWeak_50Hi_SPY_filtered,50Hi Weak,RVol20 < 15,99,573199.7499999999,45.45454545454545,5789.896464646464,6178.27548192771,-388.379017281246,59.63855421686747
PriorDayWeak_50Hi_SPY_filtered,50Hi Weak,|PriorDay| < 0.5%,65,315506.47,46.15384615384615,4853.945692307692,6178.27548192771,-1324.3297896200174,39.1566265060241
PriorDayWeak_50Hi_SPY_filtered,50Hi Weak,RVol20 15-25,52,230099.84999999992,46.15384615384615,4424.997115384614,6178.27548192771,-1753.2783665430961,31.32530120481928
PriorDayWeak_50Hi_SPY_filtered,50Hi Weak,Above SMA200,121,441305.64999999985,44.62809917355372,3647.1541322314038,6178.27548192771,-2531.121349696306,72.89156626506023
PriorDayWeak_50Hi_SPY_filtered,50Hi Weak,RVol20 > 20,33,117336.0399999999,33.33333333333333,3555.637575757573,6178.27548192771,-2622.637906170137,19.879518072289155
PriorDayWeak_50Hi_SPY_filtered,50Hi Weak,SMA20 > SMA50,115,326281.0299999998,44.34782608695652,2837.226347826085,6178.27548192771,-3341.0491341016245,69.27710843373494
PriorDayWeak_50Hi_SPY_filtered,50Hi Weak,Above SMA50,100,168809.3399999999,43.0,1688.093399999999,6178.27548192771,-4490.182081927711,60.24096385542169
PriorDayWeak_50Hi_SPY_filtered,50Hi Weak,Range20 < 5%,58,96128.14999999994,37.93103448275862,1657.381896551723,6178.27548192771,-4520.893585375987,34.93975903614458
PriorDayWeak_50Hi_SPY_filtered,50Hi Weak,Within 2% of High,65,91771.9799999999,46.15384615384615,1411.8766153846138,6178.27548192771,-4766.398866543096,39.1566265060241
PriorDayWeak_50Hi_SPY_filtered,50Hi Weak,Above SMA20,87,43735.93999999997,44.827586206896555,502.7119540229882,6178.27548192771,-5675.563527904722,52.40963855421686
PriorDayWeak_50Hi_SPY_filtered,50Hi Weak,5d Mom > +1%,30,-49628.87000000002,43.333333333333336,-1654.2956666666673,6178.27548192771,-7832.5711485943775,18.072289156626507
